area,caracteristicas,descripcion,estrato,numero_baños,numero_habitaciones,precio,tipo_inmueble,tipo_operacion,titulo,ubicacion
360 m²,"Parqueadero,Alarma,Aire acondicionado,Bodega","Local con un área 360 metros, alto flujo peatonal ya que se encuentra ubicado cerca a centros comerciales, zonas residenciales; cerca de universidades, la altura del cielorraso al piso es de 6 metros y 2,40, cuenta con 4 a 6 parqueaderos disponibles 

   Nota: El local se puede dividir de acuerdo al metraje requerido.",3,360 m²,2 baños,$ 20.000.000,Local comercial,Arriendo,Local comercial en arriendo en Tunja,"Tunja, Boyacá "
,,"Se arrienda casa ubicada en el sector norte a 4 cuadras de la autopista norte, cerca al Caí de los Muiscas, Supermercados, a la zona comercial de los Muiscas, cerca de colegios privados como también a 3 minutos de la Universidad de Boyacá y Clínica Medilaser. La propiedad consta de 6 unidades con baño privado que pueden ser usadas como habitaciones, zonas de estudio o trabajo. Cuenta con todos los servicios.
,",3,6 baños,6 habitaciones,$ 1.800.000,Casa,Arriendo,Casa en arriendo en Tunja,"Tunja, Tunja, Boyacá "
,,"Alquiler de Apartamento en Edificio Juan Ángel, Barrio MesopotamiaAtos Inmobiliaria te presenta una excelente oportunidad de alquiler en el barrio Mesopotamia, al norte de la ciudad. Este acogedor apartamento en el edificio Juan Ángel es perfecto para quienes buscan comodidad y una ubicación conveniente.El apartamento consta de una sala comedor que proporciona un espacio acogedor para la vida diaria. La cocina integral es práctica y funcional, ideal para preparar tus comidas favoritas. También encontrarás una zona de ropas para tu conveniencia.Este apartamento tiene dos habitaciones, lo que lo hace adecuado para parejas o pequeñas familias. El baño está diseñado para brindar comodidad.La ubicación en el barrio Mesopotamia es muy conveniente, y estarás cerca de una variedad de servicios y comodidades en la zona norte de la ciudad.Si estás interesado en este apartamento y deseas obtener más información o programar una visita, te invitamos a ponerte en contacto con Atos Inmobiliaria.",Arriendo,1 baño,2 habitaciones,$ 900.000,Apartamento,,Apartamento en arriendo en Mesopotamia,"Mesopotamia, Tunja, Tunja, Boyacá "
,Parqueadero,"Descubre una oportunidad única de arriendo con Atos Inmobiliaria. Este acogedor apartamento en el Barrio Fuente Higueras, situado en el primer piso, te ofrece comodidad y practicidad en un solo lugar.Con dos habitaciones, es perfecto para adaptarse a tus necesidades. Disfruta de un baño completo, una sala comedor que ofrece versatilidad y una cocina semi integral que simplificará tus tareas culinarias. Además, cuentas con una zona de ropas funcional que agrega conveniencia a tu rutina diaria.El apartamento también incluye un parqueadero, eliminando cualquier preocupación de estacionamiento.Si buscas un espacio acogedor y funcional para vivir, este apartamento en el Barrio Fuente Higueras es la elección ideal. Contáctanos hoy mismo para obtener más detalles y concertar una visita. Tu nuevo hogar te espera.",Arriendo,1 baño,2 habitaciones,$ 700.000,Apartamento,,Apartamento en arriendo en Fuente Higuera,"Fuente Higuera, Tunja, Tunja, Boyacá "
,Parqueadero,"En arriendo, presentamos una amplia casa familiar en el distinguido barrio Maldonado. Con una generosa extensión de 260 m2, esta propiedad ofrece un espacio funcional y cómodo para una familia. Sus tres parqueaderos, uno de ellos en el interior, facilitan el acceso y la comodidad del estacionamiento.La casa incluye una cocina integral que se adapta a las necesidades cotidianas, ya sea para preparar alimentos o satisfacer otras necesidades domésticas. Con seis salones espaciosos, el interior se adapta fácilmente a las actividades familiares, ofreciendo áreas de estar y entretenimiento. Cinco baños distribuidos estratégicamente aseguran la comodidad de los residentes y visitantes por igual, y los espacios de almacenamiento con closets y gabinetes están destinados a facilitar la organización en el entorno familiar. Además, la propiedad cuenta con dos patios amplios para diversas actividades y una zona de lavado que completa las comodidades de la vida en familia.",Arriendo,5 baños,6 habitaciones,$ 3.000.000,Casa,,Casa en arriendo en Maldonado,"Maldonado, Tunja, Tunja, Boyacá "
,Parqueadero,"Descubre este hermoso apartamento en el piso 19, disponible para arriendo. Con una distribución acogedora, esta propiedad te ofrece una sala comedor con balcón, una cocina integral y una zona de ropas. Además, cuenta con un estudio, tres alcobas y dos baños, uno de ellos equipado con vestier. Ubicado en el edificio In Altezza, este apartamento te brinda acceso a una variedad de beneficios y comodidades. Disfruta de las zonas infantiles, canchas deportivas y mucho más, todo dentro del conjunto. No pierdas la oportunidad de vivir en este increíble apartamento que te ofrece un ambiente confortable y espacios diseñados para tu comodidad. Contáctanos para obtener más información sobre esta propiedad en el edificio In Altezza. ¡No esperes más para encontrar tu nuevo hogar!",Arriendo,2 baños,3 habitaciones,$ 1.400.000,Apartamento,,Apartamento en arriendo en Villa Olimpica,"Villa Olimpica, Tunja, Tunja, Boyacá "
,Parqueadero,"**Apartamento en Venta y Arriendo en el Norte de la Ciudad - Barrio Las Quintas**Descubre esta excelente oportunidad de venta y alquiler de un hermoso apartamento en el barrio Las Quintas, ubicado en el norte de la ciudad, justo en frente del campus de la Universidad Santo Tomas. Con un área de 68.3 m², este apartamento cuenta con acabados de calidad y un diseño pensado para brindar comodidad y funcionalidad.El apartamento incluye una cocina integral con una elegante barra, una zona de ropas para tus tareas diarias, y una luminosa sala comedor. Además, consta de dos habitaciones, siendo la principal con baño privado para tu mayor comodidad. La segunda habitación tiene un hermoso balcón para disfrutar del aire fresco. También dispone de un baño adicional para visitantes o para la segunda habitación.Este apartamento viene completo con su propio parqueadero, lo que agrega un valor adicional. Si buscas un lugar con excelente ubicación y acabados de calidad!",Arriendo,2 baños,2 habitaciones,$ 1.300.000,Apartamento,,Apartamento en arriendo en Las Quintas,"Las Quintas, Tunja, Tunja, Boyacá "
,,"Se ofrece en alquiler una casa completa con ubicación privilegiada, a solo dos cuadras de Juan de Castellanos, a una cuadra del Bosque y a tan solo 3 minutos del centro. La casa cuenta con 10 habitaciones, cada una con baño privado, y se entrega completamente amoblada con armarios y camas. Además, se encuentran disponibles zonas comunes como sala de estar, comedor, una amplia cocina integral y un espacioso patio de ropas.",Arriendo,10 baños,10 habitaciones,$ 2.800.000,Casa,10 m²,Casa en arriendo en Los Parques,"Los Parques, Tunja, Tunja, Boyacá "
,Parqueadero,"Atos Inmobiliaria te ofrece la oportunidad de arrendar un apartamento nuevo, ideal para estrenar, en una ubicación privilegiada en el centro de la ciudad. Este apartamento se encuentra a pocos pasos de la sede de la Universidad Juan de Castellanos, lo que lo convierte en una excelente opción para estudiantes y profesionales.El apartamento consta de una amplia sala comedor, una cocina integral moderna, zona de ropas para tu conveniencia, un estudio que puede ser utilizado como espacio de trabajo o de estudio, tres habitaciones cómodas, dos baños completos y, además, incluye un garaje y un depósito para satisfacer tus necesidades de almacenamiento.Con un área total de 65.8 metros cuadrados, este apartamento ofrece comodidad y funcionalidad en un entorno céntrico. Está ubicado en el edificio Torre de las Américas, lo que te brinda acceso a una variedad de servicios y comodidades cercanas.",Arriendo,2 baños,3 habitaciones,$ 1.240.000,Apartamento,,Apartamento en arriendo en Las Americas,"Las Americas, Tunja, Tunja, Boyacá "
,"Agua,Electricidad","CONSULTORIO MÉDICO UBICADO FRENTE AL HOSPITAL SAN RAFAEL DE TUNJA, EN EL EDIFICIO COLÓN CORPORACION MEDICO EMPRESARIAL, CERCA A LA PLAZOLETA DE LAS NIEVES, CAFETERÍAS, DROGUERÍAS,EXCELENTE SERVICIO DE TRANSPORTE PÚBLICO, PARQUEADEROS.

Consultorio médico ubicado en el segundo piso con baño privado, cumple con todas las normativas sanitarias para salud,  pisos en ceramica, excelente luz natural, amplio ventanal, ascensor, salas de espera y recepción por piso, celaduria 24/7, horario de atención en el edificio de 6:00 AM - 8:00 PM.

Servicios de agua y luz 
Área: 20mts2

Valor Canon de Arrendamiento: $ 900.000 Incluye administracion

CONTACTO: ",Arriendo,20 m²,1 baño,$ 900.000,Oficina,20 m²,Oficina en arriendo en Veinte de Julio,"Veinte de Julio, Tunja, Tunja, Boyacá "
,"Agua,Electricidad","ARRIENDO AMPLIA OFICINA PARA ESTRENAR EN EL EDIFICIO COLON CORPORACION MEDICO EMPRESARIAL - FRENTE AL HOSPITAL SAN RAFAEL DE TUNJA - CERCA A IGLESIA DE LAS NIEVES - A POCAS CUADRAS DEL CENTRO DE TUNJA - SECTOR CON AMPLIO COMERCIO - CAFETARIAS - RESTAURANTES - PARQUEADEROS. 

Oficina ubicada en el segundo piso, baño privado, amplio ventanal, excelente luz natural, ascensor, recepción y salas de espera por piso, transporte público.

Servicios de agua y luz

Área: 20mts2
Valor canon de arrendamiento: $900.000 incluye valor de administracion

CONTACTO : ",Arriendo,20 m²,1 baño,$ 900.000,Oficina,2,Oficina en arriendo en Las Nieves,"Las Nieves, Tunja, Tunja, Boyacá "
,Parqueadero,"Espectacular Casa Campestre en Barrio La Villita: Venta o AlquilerAtos Inmobiliaria te presenta una oportunidad única para comprar o alquilar una casa campestre excepcional en el prestigioso barrio La Villita, al norte de la ciudad. Esta propiedad es un verdadero paraíso que combina lujo, comodidad y naturaleza. En un lote de 2,645 metros cuadrados, esta casa de 460 metros cuadrados de construcción se destaca por sus acabados de alta calidad y diseño elegante. En el interior, disfrutarás de amplios espacios, como una sala de estar, comedor principal y auxiliar, así como una cocina integral espaciosa. La casa cuenta con cuatro habitaciones, cada una con su propio baño, ofreciendo privacidad a los residentes. Además, un altillo en el segundo piso brinda espacio adicional para adaptar a tus necesidades. El patio trasero incluye una zona de barbacoa (BBQ) para entretenimiento al aire libre. También, tienes estacionamiento cubierto para dos vehículos en el garaje.",Arriendo,5 baños,4 habitaciones,$ 9.000.000,Casa,,Casa en arriendo en Alcala Real,"Alcala Real, Tunja, Tunja, Boyacá "
45 m²,"Tanque de agua,Agua,Gas natural","ARRIENDO APARTAMENTO EN EL BARRIO SANTA CATALINA AL NORTE DE TUNJA, CERCA A LA AVENIDA NORTE, ENTRADA BARRIO LOS MUISCAS, PARQUES DEL NOGAL, SUPERMERCADOS, DROGUERÍAS

Apartamento en primer piso; consta de: Sala comedor, cocina semi-integral, zona de ropas, ,  dos habitaciones con closet, un baño.pisos en madera laminada.

Servicios de Agua, luz, gas natural estrato 3

Canon de arrendamiento $ 700.000. Incluye el valor de  servicios de agua y gas

CONTACTO: ",3,1 baño,2 habitaciones,$ 700.000,Apartamento,Arriendo,Apartamento en arriendo en Santa Catalina,"Santa Catalina, Tunja, Tunja, Boyacá "
,Gas natural,"Se arrienda apartamento cerca de la sede de la Juan de Castellanos. Es para estrenar, cuenta con un área de 51m2 y se entrega con cortinas. Dispone de sala comedor, cocina integral con horno a gas y calentador. Además, cuenta con 1 baño y 2 habitaciones. No pierdas esta oportunidad, contáctanos para más información y agendar una visita. ¡Te esperamos!",Arriendo,1 baño,2 habitaciones,$ 850.000,Apartamento,,Apartamento en arriendo en Las Americas,"Las Americas, Tunja, Tunja, Boyacá "
,Parqueadero,"Atos tiene disponible para arriendo un apartamento en el conjunto cerrado María Fernanda, ubicado en el barrio Santa Inés. Este apartamento consta de tres habitaciones, dos baños, sala comedor, cocina integral, zona de ropas, parqueadero y depósito. Se encuentra en el octavo piso, lo que puede ofrecer una vista agradable y mayor privacidad.Si estás interesado en este apartamento en Santa Inés, te invitamos a ponerte en contacto con Atos Inmobiliaria para obtener más información y programar una visita. Este podría ser un lugar ideal para establecer tu hogar en un ambiente seguro y cómodo.",Arriendo,2 baños,3 habitaciones,$ 1.400.000,Apartamento,,Apartamento en arriendo en Santa Ines,"Santa Ines, Tunja, Tunja, Boyacá "
45 m²,"Cocina integral,Tanque de agua,Agua,Vista panorámica,Gas natural","ARRIENDO APARTAMENTO PEQUEÑO UBICADO EN EL BARRIO PARAISO DE TUNJA, CERCA AL COLEGIO INEM, POLICLINICA DE LA POLICIA, COLEGIO DE LA POLICIA, A POCAS CUADRAS DEL CENTRO DE LA CIUDAD, CON BUEN SERVICIO DE TRANSPOPRTE.

El apartamento consta de Sala  comedor, cocina integral, espacio para lavadora, un baño, dos habitaciones con closet, pisos en ceramica, con muy buena iluminacion, servicios de: agua, luz, gas natural, estrato 3

Valor canon de arrendamiento: $650.000

CONTACTO: ",3,1 baño,2 habitaciones,$ 650.000,Apartamento,Arriendo,Apartamento en arriendo en Santa Barbara,"Santa Barbara, Tunja, Tunja, Boyacá "
86 m²,"Cocina integral,Cuarto de servicio,Gas natural,Vista panorámica,Tanque de agua,Agua","ARRIENDO APARTAMENTO EN EL EDIFICIO CANAPRO AL NORTE  DE LA CIUDAD DE TUNJA, CERCA A LA UPTC, CLÍNICA  GARPER, EPS, POZO DE DONATO, AVENIDA NORTE, PUENTE DE SANTA INÉS.

Apartamento en quinto piso, sin ascensor.
Consta de: Sala, comedor, cocina integral, zona de ropas, cuarto y baño de servicio, tres habitaciones con closet, baño social, baño privado, baños con ducha eléctrica, pisos en cerámica, cortinas, el apartamento goza de excelente luz natural y ventilación 

Servicios de agua, luz, gas natural estrato 4.

Valor Canon de arrendamiento: 950.000 incluye valor de administracion

CONTACTO: ",4,2 baños,3 habitaciones,$ 950.000,Apartamento,Arriendo,Apartamento en arriendo en Los Rosales,"Los Rosales, Tunja, Tunja, Boyacá "
,,"Atos Inmobiliaria Ofrece Consultorio en Edificio Colón, Frente al Hospital San RafaelTe presentamos esta excelente oportunidad de arriendo o venta de un consultorio ubicado en el Edificio Colón, en Las Nieves, justo frente al Hospital Universitario San Rafael. Este consultorio es ideal para profesionales de la salud que desean una ubicación estratégica en el corazón médico de la ciudad.Características Destacadas:Ubicación Estratégica: Al estar frente al Hospital San Rafael, tendrás un fácil acceso a un importante centro médico en la ciudad.Espacio Funcional: Este consultorio está diseñado para brindar comodidad y funcionalidad en tu práctica médica.Baño Privado: Ofrece la conveniencia de un baño privado dentro del consultorio.Ya sea que estés buscando alquilar o comprar, este consultorio puede ser la base perfecta para tu práctica médica. ¡Contáctanos hoy para obtener más información y programar una visita!",Arriendo,14 m²,1 baño,$ 1.000.000,Local comercial,,Local comercial en arriendo en Veinte de Julio,"Veinte de Julio, Tunja, Tunja, Boyacá "
,,"D.C COLOMBIA S.A.S Arrienda local con área de 1.103,49M2, el cual está conformado de la siguiente manera Entrada por bodega donde se encuentran los tacos de luz y el cuarto de proyecciones. Al entrar al local tenemos el pasillo donde están las entradas a la cocina, está la bodega y una bodega auxiliar, también está el cuarto de venta de comida, enseguida está el cuarto de taquilla y dos cuartos más al lado y por el siguiente costado está un cuarto de administración. Por el pasillo tiene las 9 salas de proyección, las cuales están conformadas por escaleras en baldosa y enseguida están otros cuartos y uno de lavado de trapero. Luego están los baños de mujeres y de hombres.",5,1.103 m²,2 baños,$ 38.622.150,Local comercial,Arriendo,Local comercial en arriendo en Urbanizacion La Florida,"Urbanizacion La Florida, Tunja, Tunja, Boyacá "
,Parqueadero,"Atos Inmobiliaria tiene en arriendo una casa en el barrio Altos de Cooservicios. Esta vivienda ofrece un amplio espacio, con sala y comedor, cocina integral, zona de ropas y un baño social en el primer piso. Además, cuenta con parqueadero. En el segundo piso, encontrarás tres habitaciones y un baño. Esta casa proporciona un lugar cómodo y funcional para tu familia en una ubicación conveniente. ¡No dudes en ponerte en contacto para obtener más detalles y coordinar una visita!",Arriendo,2 baños,3 habitaciones,$ 1.150.000,Casa,,Casa en arriendo en Cooservicios,"Cooservicios, Tunja, Tunja, Boyacá "
,Parqueadero,"Atos Inmobiliaria ofrece en arriendo una hermosa casa en el Conjunto Terra Viva, ubicada en el sector norte y cercana al Centro Comercial Viva. Esta espaciosa casa consta de 3 habitaciones, un estudio, 3 baños, sala y comedor, cocina integral, patio de ropas y un garaje doble. La propiedad tiene una superficie total de 154 m² y es relativamente nueva, con solo un año de antigüedad. Si buscas una vivienda en una ubicación conveniente y con amplios espacios, esta casa es una excelente opción.",Arriendo,3 baños,3 habitaciones,$ 2.917.800,Casa,,Casa en arriendo en Tunja,"Tunja, Tunja, Boyacá "
,,"Atos Inmobiliaria - Arriendo de Apartamento en el Barrio Nogal, Zona NorteTe ofrecemos la oportunidad de arrendar un espacioso apartamento en el codiciado barrio Nogal, ubicado en la zona norte de la ciudad. Este apartamento, situado en el cuarto piso, es una excelente opción para aquellos que buscan un lugar cómodo y funcional para vivir.Características Destacadas:Amplias Áreas Sociales: La sala y el comedor ofrecen espacio más que suficiente para relajarse y disfrutar de tus momentos en casa.Cocina Semintegrada: La cocina es un lugar ideal para preparar tus comidas, con una distribución práctica.Tres Habitaciones y Dos Baños: Con tres habitaciones, tendrás espacio adicional para oficina en casa o habitaciones para invitados.La ubicación en el barrio Nogal te brinda acceso a una amplia gama de servicios y comodidades cercanas, lo que hace que este apartamento sea una opción atractiva. ¡Contáctanos para obtener más detalles o programar una visita hoy mismo!",Arriendo,2 baños,3 habitaciones,$ 1.000.000,Apartamento,,Apartamento en arriendo en Villa del Norte,"Villa del Norte, Tunja, Tunja, Boyacá "
,Parqueadero,"Apartamento en Arriendo en El Refugio, Norte de la CiudadAtos Inmobiliaria tiene disponible un amplio apartamento en arriendo en el sector de El Refugio, al norte de la ciudad. Este apartamento, ubicado en el cuarto piso, ofrece comodidad y una excelente distribución de espacios.En su interior, encontrarás una luminosa sala comedor, una práctica cocina integral, zona de lavandería, tres habitaciones y dos baños completos. Además, se incluye un garaje para tu vehículo.La ubicación en el norte de la ciudad brinda acceso a diversas comodidades y servicios cercanos. Este apartamento es una excelente opción para quienes buscan una vivienda cómoda y bien ubicada. ¡Contáctanos para programar una visita y obtener más detalles!",Arriendo,2 baños,3 habitaciones,$ 900.000,Apartamento,,Apartamento en arriendo en La Duena,"La Duena, Tunja, Tunja, Boyacá "
,Parqueadero,"Apartamento Dúplex en Venta o Alquiler en Edificio Gran Reserva, Norte de la CiudadAtos Inmobiliaria te presenta esta increíble oportunidad de adquirir o alquilar un moderno apartamento dúplex en el edificio Gran Reserva, ubicado en una de las zonas más deseadas de la ciudad, cerca del centro comercial Unicentro. Este espacioso apartamento cuenta con dos dormitorios y tres baños, proporcionando comodidad y privacidad para toda la familia.En su interior, encontrarás un diseño contemporáneo con una cocina integral que se integra perfectamente con la zona de comedor y sala de estar, creando un espacio abierto y luminoso. El apartamento también incluye una zona de lavandería independiente. Con un área de 84 metros cuadrados, este apartamento ofrece suficiente espacio para vivir cómodamente.Además, el edificio cuenta con parqueadero, brindando la conveniencia que necesitas. Esta es una oportunidad ideal para aquellos que buscan una residencia moderna",Arriendo,3 baños,2 habitaciones,$ 1.400.000,Apartamento,,Apartamento en arriendo en Santa Ines,"Santa Ines, Tunja, Tunja, Boyacá "
,,"Atos tiene disponible para arriendo un apartaestudio en el barrio Las Quintas, en una ubicación cercana a la Clínica Cancerológica, la Universidad Santo Tomas y el Centro Comercial Viva. Este apartaestudio es de estreno y consta de una sala comedor, una cocina integral, una zona de ropas con secador de ropa, un baño, una habitación y dos balcones. El área total del apartamento es de 28 m² y se encuentra en el quinto piso. Si estás interesado en este apartaestudio y deseas obtener más detalles o programar una visita, te invitamos a ponerte en contacto con Atos Inmobiliaria. Esta podría ser una excelente opción para quienes buscan un espacio cómodo y bien ubicado en la ciudad.",Arriendo,1 baño,1 habitación,$ 1.000.000,Apartamento,,Apartamento en arriendo en Las Quintas,"Las Quintas, Tunja, Tunja, Boyacá "
,,"Atos Inmobiliaria te presenta este acogedor apartaestudio disponible para arriendo en el barrio Portales de Mamore, una ubicación privilegiada en el norte de la ciudad de Tunja. Consta de una sala comedor, una cocina semi integral, zona de ropas, una habitación y un baño. Este apartaestudio ofrece un espacio cómodo y funcional para una persona o una pareja que busca un lugar agradable para vivir.Con sus 65.96 metros cuadrados de área, este apartaestudio ofrece suficiente espacio para que te sientas cómodo. La cocina semi integral es perfecta para preparar tus comidas favoritas, y la zona de ropas es muy conveniente. Además, la ubicación en el norte de Tunja te brinda acceso a una amplia gama de servicios locales, comercios y lugares de entretenimiento.Si estás en busca de un lugar acogedor en una zona tranquila de Tunja, este apartaestudio podría ser la elección perfecta para ti. ¡Contáctanos hoy mismo para obtener más información o para programar una visita!",Arriendo,1 baño,1 habitación,$ 600.000,Apartamento,,Apartamento en arriendo en Portales de Mamore,"Portales de Mamore, Tunja, Tunja, Boyacá "
,Parqueadero,"Exclusivo Apartamento Amoblado Frente a UnicentroAtos Inmobiliaria te presenta una exclusiva oportunidad de arriendo en el tranquilo sector de Villas de Aranjuez, justo frente al Centro Comercial Unicentro. Este apartamento, completamente amoblado, ofrece un ambiente acogedor y funcional.El apartamento cuenta con una distribución que incluye sala comedor, cocina integral, dos baños, zona de estudio, área de lavandería, y tres habitaciones. Además, se incluye un espacio de estacionamiento para tu comodidad.Lo destacado de esta oferta es que el apartamento se entrega completamente amoblado, lo que significa que tendrás acceso a una sala comedor, nevecón, lavadora-secadora, dos televisores, cuatro camas con colchones y tendidos, accesorios de cocina y hasta una chimenea para esos días acogedores.Esta es una oportunidad ideal para quienes buscan un lugar cómodo y completo para vivir. ¡No dudes en contactarnos para más detalles y programar una visita!",Arriendo,2 baños,3 habitaciones,$ 2.200.000,Apartamento,,Apartamento en arriendo en Remansos de Santa Ines,"Remansos de Santa Ines, Tunja, Tunja, Boyacá "
,"Parqueadero,Cocina integral,Gas natural,Balcón,Vista panorámica,Permite animales domésticos","Apto ubicado en piso 5 distribuido así: Sala comedor, balcón, 2 alcobas, estudio, 2 baños, cocina, zona de lavandería.",5,2 baños,2 habitaciones,$ 1.300.000,Apartamento,Arriendo,Apartamento en arriendo en Tunja,"Tunja, Tunja, Boyacá "
,"Parqueadero,Cuarto de oficina,Aire acondicionado","Local u oficina con una área de 861 m2. espacios abiertos, con baterías de baños hombre y mujer, con 15 parqueaderos, con zona de cargue y descargue, valor admon $6,896,000",Arriendo,,861 m²,$ 21.550.000,Local comercial,2021,Local comercial en arriendo en Los Parques,"Los Parques, Tunja, Tunja, Boyacá "
,"Cocina integral,Permite animales domésticos,Gas natural","Apto ubicado en piso 2, distribuido así, 3 habitaciones, 2 baños sala comedor, cocina, zona de ropas",4,2 baños,3 habitaciones,$ 900.000,Apartamento,Arriendo,Apartamento en arriendo en San Francisco,"San Francisco, Tunja, Tunja, Boyacá "
,,"Atos Inmobiliaria tiene disponible en arriendo un nuevo y moderno local en el norte de la ciudad, dentro del Centro Comercial Ventus, en una ubicación cercana a la Universidad de Boyacá y la Clínica Medilaser. Este local, con un área de 29.2 m2, es ideal para emprendedores que buscan un espacio para estrenar y personalizar según sus necesidades. Cuenta con un baño y un área flexible que se puede adaptar a tus requerimientos comerciales. Además, el centro comercial ofrece facilidades de parqueo para tus clientes. Si estás buscando un espacio comercial estratégico y listo para estrenar, este local puede ser la opción que necesitas. Contáctanos para obtener más detalles y agendar una visita. ¡No pierdas la oportunidad de potenciar tu negocio en esta excelente ubicación!",Arriendo,29 m²,1 baño,$ 1.500.000,Local comercial,,Local comercial en arriendo en La Duena,"La Duena, Tunja, Tunja, Boyacá "
,,"Se ofrece en arriendo una amplia oficina de 116 metros cuadrados ubicada en un segundo piso, en una excelente ubicación cerca del centro de la ciudad de Tunja. La oficina cuenta con todo lo necesario para su funcionamiento y está lista para ser ocupada de inmediato",Arriendo,116 m²,1 baño,$ 4.000.000,Local comercial,,Local comercial en arriendo en Santa Lucia,"Santa Lucia, Tunja, Tunja, Boyacá "
,,"Se arrienda espacio para oficina y/o local comercial hasta servicios 3 y comercio 3Consta de: 1. Piso: local con doble acceso; el principal con la avenida norte, con doble altura, bodega y 2 baños. Área 220 M2 aproximadamente 2. Piso: local abierto con batería de baños. Área 220 M2 aproximadamente Área total de 440 M2",Arriendo,440 m²,3 baños,$ 18.000.000,Oficina,,Oficina en arriendo en Tunja,"Tunja, Boyacá "
,Parqueadero,"Local que se arrienda para comercio u oficinas, cuenta con dos pisos, 2 baterías de baño en cada piso, un depósito, 3 oficinas y áreas libres con excelente iluminación y ubicación.",Arriendo,250 m²,4 baños,$ 4.650.000,Local comercial,,Local comercial en arriendo en Los Muiscas,"Los Muiscas, Tunja, Boyacá "
,,"¡Descubre esta hermosa oficina lista para estrenar! Este local comercial cuenta con un área amplia de 232.19 m2 y está equipado con ascensor para uso institucional, brindando comodidad y accesibilidad a todos los visitantes.En cuanto a la distribución interna, este local cuenta con baños separados para damas, caballeros y personas con discapacidad, asegurando la comodidad y satisfacción de todos.Ubicado en el cuarto piso, este local para oficinas ofrece un entorno moderno y funcional ideal para impulsar el crecimiento de tu negocio. Su diseño interior está pensado para optimizar el espacio y crear un ambiente de trabajo cómodo y productivo.No dejes pasar la oportunidad de adquirir esta oficina y establecer tu negocio en un lugar de calidad. Contáctanos ahora mismo para obtener más información y descubrir todas las ventajas que este local tiene para ofrecerte. ¡Estamos ansiosos por atenderte y brindarte el mejor servicio!",Arriendo,,232 m²,$ 19.000.000,Oficina,,Oficina en arriendo en Las Quintas,"Las Quintas, Tunja, Tunja, Boyacá "
,,"¡Descubre esta hermosa oficina lista para estrenar! Este local comercial cuenta con un área amplia de 232.19 m2 y está equipado con un ascensor para uso institucional, lo que facilita el acceso a todas las áreas de manera cómoda y conveniente.Una característica destacada de esta oficina es la presencia de baños separados para damas, caballeros y personas con discapacidad, asegurando la comodidad y accesibilidad para todos los visitantes.Además, esta oficina ofrece un entorno moderno y funcional, ideal para hacer crecer tu negocio. Todos los espacios han sido diseñados cuidadosamente para ofrecer un ambiente de trabajo cómodo y productivo.No pierdas la oportunidad de adquirir esta oficina y establecer tu negocio en un lugar de calidad. Contáctanos ahora mismo para obtener más información y conocer todas las ventajas que este local tiene para ofrecerte. ¡Te esperamos con entusiasmo!",Arriendo,,232 m²,$ 16.000.000,Oficina,,Oficina en arriendo en Las Quintas,"Las Quintas, Tunja, Tunja, Boyacá "
,,"Atos Inmobiliaria tiene disponible en venta un local en el edificio Torres de Vizcaya, ubicado en el norte de la ciudad. Este local cuenta con un área de 17 m2. Si estás buscando una propiedad comercial en una ubicación estratégica, este local podría ser lo que necesitas. Para obtener más detalles y coordinar una visita, te invitamos a ponerte en contacto con Atos Inmobiliaria.",Arriendo,17 m²,1 baño,$ 700.000,Local comercial,,Local comercial en arriendo en La Duena,"La Duena, Tunja, Tunja, Boyacá "
,,"Atos Inmobiliaria ofrece en arriendo un local en el centro comercial Florida Shopping. Este local se encuentra en el primer piso y cuenta con un área de 116 m2. Es un local nuevo, por lo que se brinda la opción de adecuarlo antes de su apertura. ¡No pierdas la oportunidad de ubicar tu negocio en este moderno centro comercial!Al valor del Canon de arrendamiento se le debe de agregar el IVA Y Valor de la Administración",Arriendo,,116 m²,$ 7.600.000,Local comercial,,Local comercial en arriendo en La Florida,"La Florida, Tunja, Tunja, Boyacá "
,,"Se arrienda local comercial en el barrio Maldonado de la ciudad de Tunja, el cual consta de 15 m2 con baño. cerca al monumento del ajedrez, vias principales de acceso y cerca al centro de la ciudad.",Arriendo,15 m²,1 baño,$ 400.000,Local comercial,,Local comercial en arriendo en Maldonado,"Maldonado, Tunja, Tunja, Boyacá "
,,"Se arrienda un excelente local comercial en el CC Casa Vieja, de 28.16 m², con una ubicación privilegiada en el norte de la ciudad. Este espacio es ideal para establecer tu gastrobar, oficina o consultorio.El local goza de una ubicación estratégica, con fácil acceso a las principales vías de la ciudad y al transporte público. Además, se encuentra en una zona altamente comercial, lo que garantiza una gran visibilidad y afluencia de clientes.Cabe destacar que el valor de la administración está incluido en el precio del arriendo. Aprovecha esta oportunidad única de ubicar tu negocio en una de las zonas más atractivas y concurridas de la ciudad. ¡Contáctanos para más información!",Arriendo,,28 m²,$ 1.000.000,Local comercial,,Local comercial en arriendo en Los Muiscas,"Los Muiscas, Tunja, Tunja, Boyacá "
,,"Se arrienda hermoso local comercial para estrenar en primer piso, con área privada de 43.38 m2 y un área construida de 46.27 m2 con baño. ubicado en zona sur de la ciudad de Tunja.",Arriendo,46 m²,1 baño,$ 2.950.000,Local comercial,,Local comercial en arriendo en Suarez,"Suarez, Tunja, Tunja, Boyacá "
,,"Local de comidas en centro comercial en excelente ubicación, cuenta con un baño.",Arriendo,33 m²,1 baño,$ 4.150.000,Local comercial,,Local comercial en arriendo en Tunja,"Tunja, Boyacá "
,,"Río, ubicado al norte de la ciudad, en el barrio Los Muiscas. Si estás buscando establecer tu negocio en una zona de alto tráfico y visibilidad, este lugar es perfecto para ti.El local consta de un área de 50 m2, ofreciendo un espacio cómodo y funcional para tu emprendimiento. Cuenta con una vitrina a la calle, lo que te brinda la oportunidad de exhibir tus productos o servicios de manera atractiva y captar la atención de los transeúntes. Además, cuenta con una doble vitrina interna, lo que amplía tus posibilidades de exhibición y promoción.El local comercial también incluye un baño privado, brindando comodidad tanto para los empleados como para los clientes.Este lugar es ideal para diversos tipos de negocios, como panaderías, oficinas, droguerías, tiendas de ropa o restaurantes de marca. La versatilidad del local te permite adaptarlo a las necesidades específicas de tu negocio.",Arriendo,,50 m²,$ 2.000.000,Local comercial,,Local comercial en arriendo en Suamox,"Suamox, Tunja, Tunja, Boyacá "
,,"Se arrienda local comercial en el centro de la ciudad, ubicado en la calle 18. Este amplio local cuenta con 85 m2 en su planta principal y además incluye un mesanine para aprovechar aún más el espacio. Con un total de 3 niveles, ofrece una distribución versátil y funcional para cualquier tipo de negocio. El local cuenta con dos baños, lo que garantiza la comodidad tanto para el personal como para los clientes. Además, una característica adicional que lo hace aún más atractivo es que cuenta con un apartaestudio, lo que brinda la posibilidad de utilizarlo como espacio de vivienda o como área para el personal, según las necesidades del negocio. La ubicación en el centro de la ciudad es estratégica y altamente conveniente, ya que permite un alto flujo de personas y potenciales clientes. Si buscas un lugar espacioso y versátil para establecer tu negocio, este local comercial es una excelente opción. ¡No dejes pasar esta oportunidad y contáctanos para más información o programar una visita!",Arriendo,,85 m²,$ 2.000.000,Local comercial,,Local comercial en arriendo en Santa Barbara,"Santa Barbara, Tunja, Tunja, Boyacá "
,Parqueadero,"Magnífico local con baño incluido para uso médico ubicado al norte de la ciudad, en centro comercial.",Arriendo,25 m²,1 baño,$ 1.230.000,Local comercial,,Local comercial en arriendo en Los Muiscas,"Los Muiscas, Tunja, Boyacá "
,Parqueadero,"Hermosa oficina en frente del centro comercial Unicentro Tunja, consta de 1 garaje y 1 depósito.",Arriendo,36 m²,1 baño,$ 1.080.000,Oficina,,Oficina en arriendo en Santa Inés,"Santa Inés, Tunja, Boyacá "
,,Gran consultorio de dos espacios con baño y sala de espera ubicado en el centro de la ciudad de Tunja.,Arriendo,38 m²,1 baño,$ 1.450.000,Local comercial,,Local comercial en arriendo en Centro Histórico,"Centro Histórico, Tunja, Boyacá "
,,"En ATOS Inmobiliaria, te presentamos una increíble oportunidad de inversión en forma de local comercial, disponible tanto para venta como arriendo. Este local de 101 m2 se encuentra estratégicamente ubicado en el reconocido Centro Comercial Unicentro, garantizando una ubicación de primer nivel.Con una ubicación privilegiada en el corazón de la ciudad, este local ofrece un amplio espacio de 101 m2 para adaptarlo a tus necesidades comerciales. Ya sea que estés buscando establecer tu negocio o expandir tu operación actual, este local es una opción ideal.Además de su generosa área, este local en el Centro Comercial Unicentro te brinda la ventaja de una excelente ubicación, lo que asegura una alta visibilidad y tráfico de clientes potenciales. Imagina las posibilidades que tendrás para atraer a una gran cantidad de visitantes a tu negocio.Si estás interesado en adquirir o arrendar un local comercial con ubicación estratégica, este local de 101 m2 en el Centro Comercial Unicentro",Arriendo,,101 m²,$ 8.500.000,Local comercial,,Local comercial en arriendo en Remansos de Santa Ines,"Remansos de Santa Ines, Tunja, Tunja, Boyacá "
,Parqueadero,"Se vende espectacular consultorio en Centro comercial muy bien ubicado en el 2. piso. Consta de 19.74 metros cuadrados de área, garaje, bodega y  baño. El centro comercial cuenta con sala de espera, ascensor y vigilancia",Arriendo,19 m²,1 baño,$ 1.500.000,Local comercial,,Local comercial en arriendo en Los Miuscas,"Los Miuscas, Tunja, Tunja, Boyacá "
,Parqueadero,"Atos Inmobiliaria ofrece en venta y arriendo oficina con tres locales independientes en el edificio Gran Reserva, ubicado frente al centro comercial Unicentro. Cada local cuenta con las siguientes áreas: Local 4 con 8,04 m2, Local 5 con 9,66 m2 y Local 6 con 9,18 m2. Esta es una excelente oportunidad para invertir y comenzar a generar rentas en una ubicación privilegiada. Si estás interesado, visítanos en nuestras oficinas ubicadas en el centro comercial Unicentro y con gusto te mostraremos esta próxima inversión.",Arriendo,26 m²,3 habitaciones,$ 1.500.000,Local comercial,,Local comercial en arriendo en Santa Ines,"Santa Ines, Tunja, Tunja, Boyacá "
,,"Se ofrece en arriendo un local comercial en la Avenida Colón, con una ubicación estratégica cerca de la Glorieta Maldonado. Este local cuenta con aproximadamente 20 m2, lo que proporciona un espacio adecuado para diversas actividades comerciales.El local está equipado con comodidades esenciales, incluyendo un baño para clientes y empleados. También cuenta con una práctica cocineta, que facilita la preparación de alimentos y bebidas, lo que puede resultar especialmente útil para negocios relacionados con la alimentación.Además, el local cuenta con una pequeña bodega, lo que brinda espacio adicional para el almacenamiento de mercancías u otros elementos necesarios para el negocio.Esta es una excelente oportunidad para establecer tu negocio en una ubicación estratégica y de alto tráfico como la Avenida Colón, cercana a la Glorieta Maldonado. ¡No dejes pasar esta oportunidad y contáctanos para conocer más detalles y visitar el lugar!",Arriendo,20 m²,1 baño,$ 780.000,Local comercial,,Local comercial en arriendo en Sierra,"Sierra, Tunja, Tunja, Boyacá "
,Parqueadero,"Se vende y se arrienda consultorio en zona norte de la ciudad de Tunja, con un área de 21.6 m2 con baño, bodega y parqueadero cubierto. vigilancia privada las 24 horas, ascensor, salas de espera y espacios amplios.",Arriendo,21 m²,1 baño,$ 1.300.000,Local comercial,,Local comercial en arriendo en La Duena,"La Duena, Tunja, Tunja, Boyacá "
1.070 m²,,"Bodega en parque industrial, área total construida de 1.000 m2, área bodegaje 930 m2, área administrativa de 140 m2 en piso 1 y piso 2, resistencia piso de 4.000 Psi, altura de la bodega de 8 mts a la cubierta, 2 muelles.",3,,1.070 m²,$ 19.260.000,Lote industrial,Arriendo,Lote industrial en arriendo en San Juan,"San Juan, Tunja, Tunja, Boyacá "
,,"Magnifico oficina en el centro de la ciudad. Consta de : 3 divisiones para tres módulos, baño compartido con el resto de las oficinas.",Arriendo,1 baño,3 habitaciones,$ 1.030.000,Local comercial,,Local comercial en arriendo en Centro Histórico,"Centro Histórico, Tunja, Boyacá "
,,"Atos Inmobiliaria, te presenta este local en arriendo en el Edificio In Altezza, con una ubicación estratégica y un área de 61 m2. El canon de arriendo es de $1.980.000 + IVA, convirtiéndolo en una excelente opción para tu negocio gracias a su ubicación en una de las vías con mayor tránsito de la ciudad. Aprovecha esta oportunidad para impulsar tu empresa y atraer a más clientes con la visibilidad que ofrece este local. Contáctanos para más información.",Arriendo,50 m²,1 baño,$ 1.980.000,Local comercial,,Local comercial en arriendo en Villa Olimpica,"Villa Olimpica, Tunja, Tunja, Boyacá "
,,"Atos Inmobiliaria tiene disponible para arriendo un hermoso consultorio ubicado en el norte de la ciudad, específicamente en el edificio Teresa Cori, en el barrio Las Quintas. Este consultorio cuenta con un área de 18.37 m² y se entrega completamente amoblado, lo que incluye un escritorio, biombo, mesa auxiliar y una camilla para brindar un ambiente cómodo y funcional para tus pacientes. Además, el consultorio cuenta con un baño privado, lo que garantiza la privacidad y comodidad necesarias para tu práctica profesional. Si estás en busca de un espacio listo para comenzar tu consulta médica u odontológica en una ubicación estratégica, este consultorio es una excelente elección. ¡No dudes en contactarnos para obtener más información y programar una visita!",Arriendo,18 m²,1 baño,$ 1.400.000,Local comercial,,Local comercial en arriendo en La Duena,"La Duena, Tunja, Tunja, Boyacá "
,,Atos Inmobiliaria te ofrece la oportunidad de arrendar o comprar un local comercial en el prestigioso centro comercial Paseo de la Salamandra. Este local tiene una superficie de 37.99 metros cuadrados y ofrece un espacio versátil que puedes adaptar según las necesidades de tu negocio.Su ubicación estratégica en el corazón de la ciudad te brinda acceso a un alto flujo de peatones y cercanía a una variedad de servicios y comercios. Es el lugar ideal para hacer crecer tu emprendimiento o expandir tu negocio.No dejes pasar esta oportunidad de establecer tu presencia en una ubicación privilegiada. ¡Contáctanos en Atos Inmobiliaria para obtener más información sobre este local comercial en el centro comercial Paseo de la Salamandra!,Arriendo,37 m²,1 baño,$ 1.000.000,Local comercial,,Local comercial en arriendo en Centro,"Centro, Tunja, Tunja, Boyacá "
,"Parqueadero,Agua,Tanque de agua,Electricidad","LOCAL COMERCIAL U OFICINA UBICADO EN EL SEGUNDO PISO DEL CENTRO COMERCIAL, LOCAL 135, ESQUINERO, CERCA A CLINICA GARPER, TIENDAS ARA, ALMACEN D1, FRUVER, FRENTE A ZONA RESIDENCIAL, SOBRE AVENIDA PRINCIPAL, EL CENTRO COMERCIAL CUENTA CON BATERIAS DE BAÑO EN CADA UNO DE SUS TRES PISOS, PLAZOLETA DE COMIDAS, ZONA DE CAFE, DOLARCITY, ALMACEN OLIMPICA, CUENTA CON ASCENSOR, ESCALERAS ELECTRICAS, DERECHO PARQUEADERO CUBIERTO.

EL LOCAL CUENTA CON SERVICIO DE LUZ

Área: 16mts2
Valor canon de  Arrendamiento: $ 650.000, incluye valor de administracion

CONTACTO: 301711----",1,,16 m²,$ 650.000,Local comercial,Arriendo,Local comercial en arriendo en Los Cristales,"Los Cristales, Tunja, Tunja, Boyacá "
,,Sensacional Casa comercial ubicada al centro de la ciudad. Consta de :4 - 8 salones y 2 patios. Cada local cuenta con su propio medidor.,Arriendo,3 baños,8 habitaciones,$ 4.530.000,Casa,,Casa en arriendo en Centro Histórico,"Centro Histórico, Tunja, Boyacá "
,,"¡En Atos Inmobiliaria tenemos la oficina perfecta para ti! Estamos emocionados de presentarte nuestra oficina en arriendo ubicada en el Edificio Entertripise Towers, oficina 302. Esta oficina cuenta con una vista exterior con excelente iluminación y un área de 35 m2, perfecta para cualquier tipo de negocio.Además, la ubicación de esta oficina es inmejorable, ya que se encuentra cerca de centros comerciales, médicos y empresariales. El edificio cuenta con salas de juntas, ascensores y salas de espera para brindar la mejor comodidad a tus clientes.La oficina también cuenta con un parqueadero y un depósito, lo que te brinda aún más comodidad y seguridad. No pierdas la oportunidad de alquilar esta increíble oficina en una de las mejores ubicaciones de la ciudad.¡Contáctanos hoy mismo para obtener más información y asegura tu éxito empresarial con la oficina ideal para ti!",Arriendo,35 m²,1 habitación,$ 1.500.000,Oficina,,Oficina en arriendo en Remansos de Santa Ines,"Remansos de Santa Ines, Tunja, Tunja, Boyacá "
